timestamp,open,high,low,close,volume
1770814951,1000000,1000373.6,997653.61,997827.73,137.0421
1770815011,997827.73,998304.12,996996.38,998109.18,56.006
1770815071,998109.18,998322.05,997572.34,997902.65,71.6473
1770815131,997902.65,998788.08,997204.47,998279.77,42.7777
1770815191,998279.77,998484.25,997313.82,998470.04,24.0834
1770815251,998470.04,1001963.68,997492.47,1001390.48,176.4305
1770815311,1001390.48,1003281.25,1001143.15,1003181.45,145.1348
1770815371,1003181.45,1003650.92,1002313.76,1003400.31,28.9168
1770815431,1003400.31,1005269.31,1002467.86,1004846.67,55.3935
1770815491,1004846.67,1005208.17,1004186.53,1004710.23,3.6978
1770815551,1004710.23,1006323.13,1004552.68,1005905.06,98.2035
1770815611,1005905.06,1006250.13,1003017.79,1003948.88,191.8769
1770815671,1003948.88,1005441.48,1003827.7,1004711.51,68.6715
1770815731,1004711.51,1004943.92,1004689.69,1004794.58,55.1521
1770815791,1004794.58,1005763.33,1004785.12,1004878.86,68.3104
1770815851,1004878.86,1005452.63,1003550.1,1004248.82,16.861
1770815911,1004248.82,1005333.84,1003398.79,1004326.28,2.0969
1770815971,1004326.28,1005001.53,1004048.62,1004521.91,82.5265
1770816031,1004521.91,1005408.06,1004221.38,1005332.78,94.7861
1770816091,1005332.78,1005411.47,1004381.74,1005037.58,71.532
1770816151,1005037.58,1005325.87,1003901.46,1004456.81,34.2031
1770816211,1004456.81,1004462.04,1002480.38,1002713.87,115.4741
1770816271,1002713.87,1003580.89,1001616.07,1003315.17,22.5884
1770816331,1003315.17,1004336.82,1002963.67,1003086.29,28.9441
1770816391,1003086.29,1004476.68,1002710.1,1003962.24,57.0049
1770816451,1003962.24,1004990.11,1003433.29,1004537.78,97.3549
1770816511,1004537.78,1005198.93,1003545.71,1003693.52,79.6331
1770816571,1003693.52,1004058.28,1002641.55,1002912.68,1.72
1770816631,1002912.68,1003337.9,1002805.23,1003186.88,62.4395
1770816691,1003186.88,1003513.27,1002314.43,1003192.43,85.188
1770816751,1003192.43,1004532.93,1002864.26,1004487.21,72.8004
1770816811,1004487.21,1006152.35,1004414.33,1005144.48,14.8958
1770816871,1005144.48,1005402.04,1005021.42,1005075.32,35.8512
1770816931,1005075.32,1005912.61,1003754.05,1003895.26,42.6965
1770816991,1003895.26,1004383.74,1002568.94,1002822.98,11.4599
1770817051,1002822.98,1004944.23,1002272.96,1004729.54,12.9852
1770817111,1004729.54,1004996.16,1004232.89,1004259.87,72.4358
1770817171,1004259.87,1004554.2,1003121.34,1003337.96,73.6647
1770817231,1003337.96,1005050.63,1002651.81,1004541.87,57.5325
1770817291,1004541.87,1005558.9,1003367.91,1003793.55,29.6252
1770817351,1003793.55,1006157.21,1003110.38,1005881.11,52.363
1770817411,1005881.11,1006597.18,1004666.45,1004819.15,46.8061
1770817471,1004819.15,1005143.99,1004386.11,1004391.03,1.1674
1770817531,1004391.03,1006215.9,1004284.1,1005489.96,77.2618
1770817591,1005489.96,1007069.38,1005034.69,1006765.14,43.6169
1770817651,1006765.14,1007311.89,1005570.74,1005728.36,99.7338
1770817711,1005728.36,1005903.65,1004994.38,1005018.56,26.8335
1770817771,1005018.56,1006790.95,1004986.91,1005979.9,53.6088
1770817831,1005979.9,1008497.05,1005907.38,1008076.7,191.797
1770817891,1008076.7,1009396.25,1007896.99,1008964.86,71.2884
1770817951,1008964.86,1009788.17,1008445.26,1008644.91,63.7721
1770818011,1008644.91,1009438.49,1007974.2,1008230.47,57.3136
1770818071,1008230.47,1008793.94,1007865.88,1008703.18,4.6862
1770818131,1008703.18,1009446.43,1007592.27,1008052.62,7.6745
1770818191,1008052.62,1009122.19,1007829.11,1008634.53,9.3227
1770818251,1008634.53,1011349.61,1008351.43,1010598.57,171.8384
1770818311,1010598.57,1010608.01,1009140.47,1009584.98,50.295
1770818371,1009584.98,1011055.72,1008913.7,1010749.0,64.3417
1770818431,1010749.0,1011535.59,1009697.8,1009943.55,66.8902
1770818491,1009943.55,1010046.19,1009520.05,1009624.81,84.2618
1770818551,1009624.81,1009740.03,1007785.84,1008094.43,176.7659
1770818611,1008094.43,1008153.13,1007256.56,1007308.64,57.2398
1770818671,1007308.64,1007988.58,1007267.25,1007484.49,85.4933
1770818731,1007484.49,1008344.51,1007328.23,1007804.57,19.8824
1770818791,1007804.57,1008504.95,1006450.75,1006573.5,68.3625
1770818851,1006573.5,1008399.02,1006218.57,1006871.13,9.7073
1770818911,1006871.13,1007345.25,1006193.64,1007280.34,82.9342
1770818971,1007280.34,1007771.86,1004941.07,1005669.47,136.2745
1770819031,1005669.47,1005899.05,1003860.26,1004421.91,48.3386
1770819091,1004421.91,1004464.45,1003163.05,1004059.74,76.7154
1770819151,1004059.74,1004242.95,1003806.79,1004006.27,47.6165
1770819211,1004006.27,1004276.6,1002898.97,1003422.84,15.0015
1770819271,1003422.84,1003975.62,1001292.12,1002212.95,93.761
1770819331,1002212.95,1002472.83,999719.4,1000566.9,141.2612
1770819391,1000566.9,1001492.83,999702.66,1001063.7,23.8343
1770819451,1001063.7,1002981.05,1000884.9,1001599.34,36.4534
1770819511,1001599.34,1002907.97,1001001.33,1002806.93,40.3881
1770819571,1002806.93,1002958.21,1002662.26,1002758.0,73.3057
1770819631,1002758.0,1003778.77,1002299.41,1003171.34,24.588
1770819691,1003171.34,1004322.73,1003150.6,1003372.03,3.7561
1770819751,1003372.03,1003635.71,1001876.3,1002218.89,85.8888
1770819811,1002218.89,1003300.19,1001851.58,1003160.94,73.8088
1770819871,1003160.94,1003362.93,1001798.79,1001911.87,44.2407
1770819931,1001911.87,1002221.81,1001111.14,1001408.7,74.7912
1770819991,1001408.7,1002298.61,1001248.44,1002009.75,43.8943
1770820051,1002009.75,1002168.34,1001381.79,1001600.82,3.8055
1770820111,1001600.82,1002301.63,1000775.8,1001935.39,64.9956
1770820171,1001935.39,1003052.14,1001109.16,1002476.31,72.1149
1770820231,1002476.31,1002864.21,1002244.39,1002576.84,71.2366
1770820291,1002576.84,1004094.73,1002287.83,1003659.56,4.9903
1770820351,1003659.56,1004272.55,1003374.52,1003730.09,48.997
1770820411,1003730.09,1004804.11,1003476.11,1004609.43,48.926
1770820471,1004609.43,1007027.59,1004534.83,1006109.83,31.7149
1770820531,1006109.83,1006162.19,1004333.06,1004624.98,21.6541
1770820591,1004624.98,1005131.82,1004587.12,1004840.12,44.1129
1770820651,1004840.12,1006064.49,1003776.76,1005958.61,98.8498
1770820711,1005958.61,1006315.16,1003742.19,1004626.32,19.2566
1770820771,1004626.32,1005791.84,1003572.72,1003899.87,39.5153
1770820831,1003899.87,1004016.71,1003466.45,1003472.95,31.4438
1770820891,1003472.95,1006080.73,1002691.49,1005102.5,65.5205
1770820951,1005102.5,1005402.25,1002960.19,1003057.5,191.7365
1770821011,1003057.5,1005034.35,1002650.19,1004574.33,114.3893
1770821071,1004574.33,1005054.88,1004360.83,1004722.14,24.7438
1770821131,1004722.14,1005275.47,1004034.03,1004472.69,48.9713
1770821191,1004472.69,1005404.49,1004128.94,1005105.53,72.9371
1770821251,1005105.53,1005765.81,1004725.7,1004854.31,45.4782
1770821311,1004854.31,1006106.58,1004660.82,1005546.47,68.4194
1770821371,1005546.47,1006024.63,1003965.97,1004259.45,34.693
1770821431,1004259.45,1004320.25,1002839.0,1003337.14,26.3114
1770821491,1003337.14,1003436.5,1002483.87,1002593.21,39.9087
1770821551,1002593.21,1003227.31,1002078.9,1002929.72,26.6009
1770821611,1002929.72,1003895.09,1002707.8,1002943.29,8.8229
1770821671,1002943.29,1004884.36,1002755.29,1004088.78,96.2068
1770821731,1004088.78,1004960.69,1003985.02,1004054.94,81.7232
1770821791,1004054.94,1005353.23,1003374.58,1005148.02,97.2745
1770821851,1005148.02,1006816.39,1004905.37,1005697.17,97.4473
1770821911,1005697.17,1006037.01,1005446.35,1005632.93,74.4423
1770821971,1005632.93,1006072.62,1002519.46,1003357.19,170.2197
1770822031,1003357.19,1003408.7,1001271.17,1002118.21,12.7641
1770822091,1002118.21,1002775.98,1001888.22,1002420.48,14.4624
1770822151,1002420.48,1003014.06,1001532.57,1001791.54,23.3381
1770822211,1001791.54,1002362.06,1001324.42,1001356.26,46.8515
1770822271,1001356.26,1001537.66,1000624.71,1000874.75,85.4131
1770822331,1000874.75,1001450.35,1000254.26,1001383.63,3.8305
1770822391,1001383.63,1002016.17,999963.87,1000226.37,96.8411
1770822451,1000226.37,1000568.67,999958.71,1000429.75,17.736
1770822511,1000429.75,1000604.07,998354.09,998872.35,139.6595
1770822571,998872.35,999115.04,996894.34,997439.5,38.6696
1770822631,997439.5,997450.54,996560.65,996886.53,14.3053
1770822691,996886.53,998192.4,996680.6,997234.25,57.7145
1770822751,997234.25,997376.92,995512.73,995944.87,20.685
1770822811,995944.87,997414.49,995386.47,997022.23,60.7956
1770822871,997022.23,998098.46,996903.01,997519.33,78.6205
1770822931,997519.33,998925.71,997380.73,997917.16,90.8827
1770822991,997917.16,1000240.17,996488.16,999220.25,79.248
1770823051,999220.25,1000103.86,998779.84,1000055.24,99.8342
1770823111,1000055.24,1000187.02,999640.57,1000147.51,64.5109
1770823171,1000147.51,1000985.26,999871.83,1000656.5,52.3985
1770823231,1000656.5,1003192.34,1000106.43,1002248.89,93.5024
1770823291,1002248.89,1002942.81,1000960.4,1001693.82,45.7315
1770823351,1001693.82,1003725.87,1001087.33,1003271.34,38.879
1770823411,1003271.34,1005244.18,1003072.36,1004669.07,74.5018
1770823471,1004669.07,1004865.8,1003512.35,1004426.78,67.5634
1770823531,1004426.78,1004463.72,1003045.3,1003212.0,40.7894
1770823591,1003212.0,1003603.19,1002877.12,1003557.96,47.9608
1770823651,1003557.96,1005674.93,1002888.4,1005183.96,109.2231
1770823711,1005183.96,1005194.46,1004988.66,1005179.54,4.2813
1770823771,1005179.54,1005184.79,1003821.01,1003880.62,12.2982
1770823831,1003880.62,1004574.58,1003781.26,1003946.02,58.2155
1770823891,1003946.02,1004459.72,1002376.39,1003174.93,4.0249
1770823951,1003174.93,1005122.87,1003003.06,1004503.34,53.8682
1770824011,1004503.34,1006656.11,1004275.51,1006269.44,99.5955
1770824071,1006269.44,1006625.04,1005034.51,1005076.16,46.2879
1770824131,1005076.16,1006186.47,1004690.37,1005628.97,58.9288
1770824191,1005628.97,1006960.77,1005323.61,1006421.22,93.4393
1770824251,1006421.22,1008751.99,1006280.4,1008544.84,184.4925
1770824311,1008544.84,1008864.8,1008276.54,1008608.07,23.1117
1770824371,1008608.07,1008905.5,1006654.38,1007136.59,53.2165
1770824431,1007136.59,1008445.99,1006996.03,1008264.39,91.5088
1770824491,1008264.39,1008340.47,1007356.74,1007528.06,71.1256
1770824551,1007528.06,1008094.94,1007439.87,1007802.55,79.5843
1770824611,1007802.55,1009677.39,1007217.12,1009061.17,96.1325
1770824671,1009061.17,1009159.55,1007543.85,1008305.37,34.2713
1770824731,1008305.37,1009408.64,1007959.58,1009345.68,42.2294
1770824791,1009345.68,1010056.84,1008963.5,1009418.37,80.6029
1770824851,1009418.37,1011587.78,1009414.89,1010969.33,40.7179
1770824911,1010969.33,1011972.02,1010608.23,1011771.35,27.071
1770824971,1011771.35,1014565.21,1011529.05,1014506.99,151.8429
1770825031,1014506.99,1014879.46,1014398.22,1014727.16,38.5326
1770825091,1014727.16,1015438.05,1013849.73,1014205.96,90.5972
1770825151,1014205.96,1014720.4,1013615.83,1014227.98,97.608
1770825211,1014227.98,1016042.12,1013637.27,1015851.62,32.4236
1770825271,1015851.62,1017037.72,1015208.58,1016684.94,95.364
1770825331,1016684.94,1016997.44,1015300.04,1016297.16,53.6319
1770825391,1016297.16,1016472.19,1014562.14,1015101.85,61.1672
1770825451,1015101.85,1017305.48,1014730.86,1016572.13,98.8016
1770825511,1016572.13,1016703.63,1015821.41,1016344.54,71.8823
1770825571,1016344.54,1017378.79,1015488.05,1016074.7,66.6343
1770825631,1016074.7,1017312.4,1015562.31,1016402.75,66.0372
1770825691,1016402.75,1016556.73,1015002.09,1015837.96,59.2489
1770825751,1015837.96,1016188.7,1013481.87,1013537.29,183.3746
1770825811,1013537.29,1014699.3,1013213.43,1013837.69,59.5572
1770825871,1013837.69,1014355.53,1012921.51,1013441.35,4.0038
1770825931,1013441.35,1013901.73,1013063.0,1013182.85,35.7691
1770825991,1013182.85,1015059.88,1012758.86,1014646.89,52.997
1770826051,1014646.89,1014820.51,1013302.75,1014061.33,41.4678
1770826111,1014061.33,1015490.35,1013130.46,1015429.3,31.0148
1770826171,1015429.3,1016720.79,1014822.36,1016333.5,69.8852
1770826231,1016333.5,1016633.06,1014895.83,1015984.17,50.8995
1770826291,1015984.17,1016958.65,1015510.54,1016421.91,90.205
1770826351,1016421.91,1016457.01,1015824.18,1016451.05,26.4902
1770826411,1016451.05,1017521.11,1014411.26,1014883.43,121.0102
1770826471,1014883.43,1017480.97,1013943.5,1017229.06,194.714
1770826531,1017229.06,1017646.52,1016741.59,1017427.03,94.3577
1770826591,1017427.03,1018957.82,1016778.98,1018835.77,66.187
1770826651,1018835.77,1019548.07,1017360.16,1017395.07,50.9735
1770826711,1017395.07,1017779.23,1016233.61,1016346.91,9.4756
1770826771,1016346.91,1017282.89,1015941.9,1017232.35,32.7484
1770826831,1017232.35,1017558.36,1016775.18,1017444.26,59.3989
1770826891,1017444.26,1018029.14,1015868.08,1016365.9,68.206
1770826951,1016365.9,1017885.52,1016225.23,1017446.21,41.0304
1770827011,1017446.21,1020814.64,1016979.77,1019725.02,27.744
1770827071,1019725.02,1020894.28,1017827.09,1020393.74,15.2684
1770827131,1020393.74,1023710.64,1019567.52,1022655.23,70.3722
1770827191,1022655.23,1027308.01,1022161.16,1026584.92,115.7877
1770827251,1026584.92,1026686.74,1026080.39,1026400.81,42.1279
1770827311,1026400.81,1028837.35,1026160.61,1028340.37,16.1364
1770827371,1028340.37,1032387.45,1027903.39,1031834.76,55.0669
1770827431,1031834.76,1031988.18,1030227.37,1031331.07,94.1018
1770827491,1031331.07,1031471.69,1028715.44,1030554.64,51.6367
1770827551,1030554.64,1032599.37,1030245.42,1031480.78,16.5237
1770827611,1031480.78,1031736.74,1030724.95,1030994.14,58.6385
1770827671,1030994.14,1031468.55,1028980.72,1029482.36,23.8895
1770827731,1029482.36,1030248.81,1028514.88,1028663.83,57.2932
1770827791,1028663.83,1031525.97,1028027.1,1031114.81,44.8777
1770827851,1031114.81,1033921.4,1029813.96,1033089.6,47.0993
1770827911,1033089.6,1033803.76,1032465.08,1032597.77,38.1284
1770827971,1032597.77,1033718.7,1030891.04,1031891.55,53.2109
1770828031,1031891.55,1032265.97,1030726.46,1032066.04,7.5568
1770828091,1032066.04,1034185.32,1031537.8,1033346.11,55.3368
1770828151,1033346.11,1035148.51,1031957.75,1034429.25,28.2966
1770828211,1034429.25,1036003.21,1032663.08,1035575.23,72.6432
1770828271,1035575.23,1037086.3,1034773.87,1036948.64,27.0384
1770828331,1036948.64,1037514.05,1035401.04,1037100.74,39.314
1770828391,1037100.74,1038419.62,1036707.96,1038029.82,61.9852
1770828451,1038029.82,1039765.24,1036601.46,1036732.75,98.7763
1770828511,1036732.75,1040463.11,1035592.58,1039339.78,85.8853
1770828571,1039339.78,1043235.87,1038955.0,1040617.77,17.5237
1770828631,1040617.77,1044129.52,1039447.84,1041488.82,65.0379
1770828691,1041488.82,1043145.87,1040483.87,1042991.27,84.4358
1770828751,1042991.27,1044192.45,1042914.82,1043906.09,77.7559
1770828811,1043906.09,1049889.36,1043359.56,1047922.83,163.986
1770828871,1047922.83,1048507.6,1046916.45,1048177.05,25.453
1770828931,1048177.05,1048227.96,1043634.06,1045163.29,14.833
1770828991,1045163.29,1048588.96,1043652.76,1047817.62,22.5604
1770829051,1047817.62,1050090.03,1047127.71,1049926.09,98.5495
1770829111,1049926.09,1052721.27,1049171.97,1052040.04,94.2899
1770829171,1052040.04,1054038.54,1051973.1,1052870.22,28.7829
1770829231,1052870.22,1058428.2,1051696.78,1057483.16,85.7222
1770829291,1057483.16,1057625.7,1056451.99,1057327.94,96.734
1770829351,1057327.94,1057974.43,1055484.5,1056501.43,29.448
1770829411,1056501.43,1060744.9,1054722.65,1060692.47,32.9754
1770829471,1060692.47,1061898.97,1057145.85,1057617.94,27.9223
1770829531,1057617.94,1059335.69,1055136.26,1056222.9,14.3983
1770829591,1056222.9,1056263.72,1052190.46,1053565.49,38.1791
1770829651,1053565.49,1057435.01,1052669.33,1056022.09,12.134
1770829711,1056022.09,1056407.91,1055472.11,1055907.38,13.1512
1770829771,1055907.38,1056285.63,1052922.41,1053573.47,82.2489
1770829831,1053573.47,1054291.04,1050709.34,1052551.78,56.6077
1770829891,1052551.78,1057170.38,1051493.15,1056751.21,166.6605
1770829951,1056751.21,1057045.58,1055219.16,1055945.79,97.7183
1770830011,1055945.79,1057942.47,1054517.22,1054769.75,53.9536
1770830071,1054769.75,1055699.03,1053883.28,1055160.13,58.7484
1770830131,1055160.13,1055513.12,1052530.31,1053816.37,4.6946
1770830191,1053816.37,1054388.05,1051042.24,1052123.53,94.6841
1770830251,1052123.53,1058278.84,1051549.62,1055853.62,177.016
1770830311,1055853.62,1060013.27,1055012.19,1059369.3,108.5023
1770830371,1059369.3,1063880.66,1058272.73,1062854.05,47.884
1770830431,1062854.05,1063608.94,1060905.01,1062262.73,47.3665
1770830491,1062262.73,1063832.46,1059557.52,1061093.23,5.4547
1770830551,1061093.23,1061897.48,1060583.51,1061251.07,2.255
1770830611,1061251.07,1062115.17,1058589.08,1059567.02,47.0826
1770830671,1059567.02,1062202.48,1059512.27,1061238.62,15.776
1770830731,1061238.62,1066209.0,1060545.32,1064914.27,199.036
1770830791,1064914.27,1065186.04,1059908.52,1061721.0,12.2805
1770830851,1061721.0,1063654.88,1059934.95,1060812.0,47.1369
1770830911,1060812.0,1060975.73,1057314.65,1057451.51,52.2895
1770830971,1057451.51,1058426.27,1056694.92,1056886.08,76.0791
1770831031,1056886.08,1057413.1,1055825.31,1056786.8,91.0389
1770831091,1056786.8,1057881.63,1054772.11,1057316.35,32.5421
1770831151,1057316.35,1059960.59,1057226.51,1059339.72,19.0305
1770831211,1059339.72,1062291.58,1057918.03,1062264.01,44.0088
1770831271,1062264.01,1062896.05,1060903.32,1061703.4,35.2942
1770831331,1061703.4,1063348.07,1060597.08,1062934.14,76.2573
1770831391,1062934.14,1063885.42,1061512.45,1061589.34,86.0601
1770831451,1061589.34,1062962.0,1061210.63,1062828.74,48.2467
1770831511,1062828.74,1064175.82,1059979.28,1061339.68,48.0904
1770831571,1061339.68,1065568.65,1060598.04,1062759.1,54.0217
1770831631,1062759.1,1064491.84,1062293.5,1063927.19,11.3398
1770831691,1063927.19,1069213.43,1062954.09,1066263.44,41.1901
1770831751,1066263.44,1070650.52,1066023.69,1070427.71,95.8697
1770831811,1070427.71,1073162.48,1069692.2,1072213.75,83.2522
1770831871,1072213.75,1072703.29,1071366.5,1071533.41,6.0984
1770831931,1071533.41,1074204.95,1068707.56,1070280.01,75.5666
1770831991,1070280.01,1070393.32,1069042.4,1069494.97,69.2336
1770832051,1069494.97,1072678.76,1068911.24,1072479.52,7.9534
1770832111,1072479.52,1073629.62,1066530.44,1068743.75,78.7291
1770832171,1068743.75,1070192.26,1067885.21,1069374.53,38.8261
1770832231,1069374.53,1070310.57,1066116.08,1068215.55,47.9886
1770832291,1068215.55,1069615.46,1066217.21,1068084.46,77.0864
1770832351,1068084.46,1074363.75,1067876.0,1072628.21,177.4299
1770832411,1072628.21,1075626.27,1072331.53,1075512.63,71.6448
1770832471,1075512.63,1077837.68,1075448.96,1075905.85,27.7608
1770832531,1075905.85,1076703.16,1074707.81,1075220.41,91.5504
1770832591,1075220.41,1077904.6,1074039.95,1077167.54,19.3813
1770832651,1077167.54,1078705.19,1077042.28,1077950.94,69.8423
1770832711,1077950.94,1081430.25,1077153.46,1079962.86,60.8039
1770832771,1079962.86,1081709.78,1076357.36,1077403.14,7.7839
1770832831,1077403.14,1078211.26,1075957.97,1077556.05,4.306
1770832891,1077556.05,1081398.12,1076430.45,1080713.52,48.4076
1770832951,1080713.52,1081292.0,1077614.08,1077919.91,52.7994
1770833011,1077919.91,1077991.76,1077086.74,1077988.62,21.3082
1770833071,1077988.62,1078153.69,1077308.17,1078096.83,60.5548
1770833131,1078096.83,1082655.24,1075949.49,1081117.33,82.352
1770833191,1081117.33,1081249.05,1079952.9,1080272.25,25.5325
1770833251,1080272.25,1082318.93,1079062.97,1081239.95,35.1341
1770833311,1081239.95,1083244.27,1080247.76,1082893.96,18.4303
1770833371,1082893.96,1086085.32,1081435.47,1084515.24,72.5659
1770833431,1084515.24,1085015.36,1082754.37,1083542.95,64.2484
1770833491,1083542.95,1086528.81,1082266.82,1086070.39,31.1698
1770833551,1086070.39,1087007.64,1084923.61,1086659.52,26.9495
1770833611,1086659.52,1088283.14,1085129.02,1085620.51,39.4086
1770833671,1085620.51,1086593.81,1085351.66,1085401.31,51.2331
1770833731,1085401.31,1088384.91,1084381.12,1086443.85,40.6891
1770833791,1086443.85,1087651.28,1083493.42,1085026.95,80.6111
1770833851,1085026.95,1085319.13,1081514.51,1084462.65,5.9617
1770833911,1084462.65,1089302.13,1082136.48,1087537.49,98.7885
1770833971,1087537.49,1089234.87,1086606.39,1089007.26,47.3468
1770834031,1089007.26,1089147.18,1088364.71,1088582.08,73.8308
1770834091,1088582.08,1089359.32,1084658.27,1085212.42,5.7605
1770834151,1085212.42,1085805.49,1083272.18,1083825.29,72.5465
1770834211,1083825.29,1088634.55,1083732.14,1087713.23,8.1465
1770834271,1087713.23,1088442.88,1087555.92,1087691.78,10.0403
1770834331,1087691.78,1090292.82,1086966.89,1088772.68,46.1118
1770834391,1088772.68,1094835.47,1087837.74,1092993.57,137.3485
1770834451,1092993.57,1096054.61,1092986.34,1095988.69,89.4229
1770834511,1095988.69,1097490.77,1095022.25,1097333.17,14.6539
1770834571,1097333.17,1100583.0,1095292.22,1099760.58,17.4507
1770834631,1099760.58,1101689.36,1098020.49,1098900.11,12.9716
1770834691,1098900.11,1099813.62,1097149.16,1097457.55,68.9049
1770834751,1097457.55,1100142.81,1096765.66,1099583.15,81.6273
1770834811,1099583.15,1101448.26,1099089.9,1100521.86,12.3835
1770834871,1100521.86,1101264.47,1099046.19,1100089.2,93.3092
1770834931,1100089.2,1101077.64,1097401.99,1100755.31,64.5186
1770834991,1100755.31,1101703.22,1099648.65,1099716.38,31.0391
1770835051,1099716.38,1100274.47,1098819.11,1099098.42,89.3636
1770835111,1099098.42,1099239.6,1098982.38,1099042.77,98.9513
1770835171,1099042.77,1103766.66,1097812.23,1101845.27,36.7615
1770835231,1101845.27,1102802.83,1101194.12,1102801.95,10.558
1770835291,1102801.95,1102935.64,1098968.65,1099217.21,153.5449
1770835351,1099217.21,1100265.34,1098256.11,1099765.92,11.5783
1770835411,1099765.92,1102572.59,1096873.97,1101567.63,30.041
1770835471,1101567.63,1105175.8,1101081.41,1104448.94,57.7553
1770835531,1104448.94,1106200.42,1103081.53,1106154.53,72.7542
1770835591,1106154.53,1106543.51,1104063.94,1105991.95,9.2196
1770835651,1105991.95,1106371.92,1104098.34,1104670.85,89.6595
1770835711,1104670.85,1104913.91,1101381.89,1102955.21,54.3352
1770835771,1102955.21,1105359.58,1102843.82,1104296.56,96.8438
1770835831,1104296.56,1105065.81,1102093.43,1103667.18,86.6876
1770835891,1103667.18,1106628.86,1102966.56,1104994.0,41.532
1770835951,1104994.0,1109519.85,1104559.78,1108832.91,164.9257
1770836011,1108832.91,1109423.47,1108234.89,1108679.64,20.9019
1770836071,1108679.64,1109056.53,1107700.03,1108064.37,27.7096
1770836131,1108064.37,1108926.99,1105359.08,1107317.85,35.4572
1770836191,1107317.85,1110527.78,1107259.3,1108665.53,70.9425
1770836251,1108665.53,1109153.43,1106522.05,1108201.96,42.8532
1770836311,1108201.96,1109387.78,1106972.82,1107789.18,31.8243
1770836371,1107789.18,1111310.11,1106714.71,1109868.91,39.9083
1770836431,1109868.91,1113152.97,1108751.17,1111823.63,28.1186
1770836491,1111823.63,1112147.13,1109971.89,1110478.83,98.3824
1770836551,1110478.83,1112183.91,1110274.92,1110455.37,26.2591
1770836611,1110455.37,1114116.87,1110052.87,1112646.11,68.8967
1770836671,1112646.11,1114424.17,1111121.35,1113481.02,17.0788
1770836731,1113481.02,1114964.65,1113017.21,1114901.6,30.7264
1770836791,1114901.6,1117582.68,1114800.6,1116760.01,43.8849
1770836851,1116760.01,1118240.17,1116220.67,1118231.11,2.0386
1770836911,1118231.11,1121393.38,1117544.34,1120833.58,60.453
1770836971,1120833.58,1122574.3,1118901.03,1121241.06,90.8819
1770837031,1121241.06,1123913.85,1120534.63,1122566.61,6.5232
1770837091,1122566.61,1123061.19,1121842.99,1123033.89,47.6999
1770837151,1123033.89,1124839.69,1120355.59,1123827.24,7.4237
1770837211,1123827.24,1123844.1,1121532.49,1122929.14,25.3519
1770837271,1122929.14,1123991.22,1119944.62,1121793.25,34.0714
1770837331,1121793.25,1124232.15,1120518.43,1123542.78,65.4251
1770837391,1123542.78,1124285.99,1122505.7,1123409.5,95.2977
1770837451,1123409.5,1123782.33,1122846.04,1123185.68,81.7457
1770837511,1123185.68,1124570.92,1121088.88,1122163.02,31.9429
1770837571,1122163.02,1124344.29,1120427.25,1123689.94,15.8449
1770837631,1123689.94,1131510.89,1123311.16,1131381.4,130.0293
1770837691,1131381.4,1135668.08,1131134.45,1134246.61,96.6471
1770837751,1134246.61,1137990.08,1134226.21,1137535.47,9.9622
1770837811,1137535.47,1139545.36,1137183.76,1139036.29,6.0037
1770837871,1139036.29,1140217.38,1138527.59,1139684.57,29.2015
1770837931,1139684.57,1140509.44,1139021.57,1139428.15,97.8492
1770837991,1139428.15,1142464.55,1139153.58,1141657.39,48.0414
1770838051,1141657.39,1146318.69,1141106.33,1144255.9,62.2643
1770838111,1144255.9,1144555.83,1141231.82,1141791.48,4.8818
1770838171,1141791.48,1144054.74,1140572.03,1142635.04,66.2103
1770838231,1142635.04,1144367.2,1141280.96,1142791.24,29.2132
1770838291,1142791.24,1147090.43,1142574.47,1145544.78,5.0
1770838351,1145544.78,1147207.85,1143596.79,1144842.41,87.2821
1770838411,1144842.41,1145040.03,1141363.99,1143072.62,13.0821
1770838471,1143072.62,1146468.26,1142616.1,1145816.0,82.4412
1770838531,1145816.0,1149525.86,1142403.88,1143577.54,21.9111
1770838591,1143577.54,1144712.73,1143424.36,1143859.57,70.5761
1770838651,1143859.57,1144022.77,1142706.37,1143006.14,59.1002
1770838711,1143006.14,1145203.87,1141270.23,1141993.57,20.8389
1770838771,1141993.57,1142186.86,1140349.89,1141164.6,6.6276
1770838831,1141164.6,1142221.7,1137438.59,1138905.1,90.3187
1770838891,1138905.1,1139024.86,1135449.85,1135990.01,50.9857
1770838951,1135990.01,1139608.4,1134741.62,1138977.95,99.4468
1770839011,1138977.95,1139431.85,1137818.01,1139055.1,31.4747
1770839071,1139055.1,1141136.83,1136284.74,1136749.14,57.2141
1770839131,1136749.14,1137990.56,1136656.55,1137880.85,88.3219
1770839191,1137880.85,1138070.64,1134739.04,1135025.75,42.1672
1770839251,1135025.75,1138344.47,1134136.9,1137099.5,31.7358
1770839311,1137099.5,1137341.49,1135824.94,1136205.01,31.9451
1770839371,1136205.01,1136905.51,1129511.75,1129595.24,62.7857
1770839431,1129595.24,1130335.71,1125395.02,1126532.58,33.4187
1770839491,1126532.58,1127494.09,1125501.39,1126973.37,98.297
1770839551,1126973.37,1129508.53,1126345.87,1129451.86,79.1307
1770839611,1129451.86,1129809.09,1129407.11,1129694.58,73.4056
1770839671,1129694.58,1133452.58,1127207.33,1132526.44,93.5535
1770839731,1132526.44,1136537.14,1131835.13,1135186.45,13.8568
1770839791,1135186.45,1137022.18,1134715.8,1136088.96,39.1161
1770839851,1136088.96,1137605.67,1132809.72,1133680.4,29.4782
1770839911,1133680.4,1135428.09,1131872.23,1131966.82,98.1119
1770839971,1131966.82,1134031.98,1131481.23,1132920.68,26.5349
1770840031,1132920.68,1133078.71,1130294.63,1131359.48,7.9448
1770840091,1131359.48,1133004.24,1130357.29,1132960.76,28.7947
1770840151,1132960.76,1137523.67,1130216.81,1137476.72,181.297
1770840211,1137476.72,1140189.22,1136227.15,1138304.04,60.1545
1770840271,1138304.04,1142842.31,1137553.01,1141216.89,23.9941
1770840331,1141216.89,1147481.49,1139550.09,1145795.18,90.2486
1770840391,1145795.18,1146456.29,1142862.76,1144432.07,80.5847
1770840451,1144432.07,1145634.13,1143987.23,1144734.27,27.514
1770840511,1144734.27,1144744.26,1143319.28,1143807.69,66.4987
1770840571,1143807.69,1144118.57,1140034.14,1140419.41,41.7649
1770840631,1140419.41,1140569.71,1138857.93,1139966.21,37.9307
1770840691,1139966.21,1141542.02,1138521.55,1141032.04,18.2799
1770840751,1141032.04,1143819.55,1140981.75,1143042.7,74.4548
1770840811,1143042.7,1144424.01,1141755.03,1142386.18,17.0216
1770840871,1142386.18,1144588.18,1141318.77,1144144.17,73.0681
1770840931,1144144.17,1144169.29,1143019.54,1143638.71,47.5275
1770840991,1143638.71,1146023.18,1142102.06,1144917.21,78.296
1770841051,1144917.21,1145310.96,1143854.94,1144519.8,16.0031
1770841111,1144519.8,1147928.82,1142806.74,1146384.81,66.2224
1770841171,1146384.81,1147795.03,1144807.8,1147402.9,41.4467
1770841231,1147402.9,1149289.59,1146117.35,1147895.38,98.9064
1770841291,1147895.38,1148804.75,1146658.7,1148628.48,26.9011
1770841351,1148628.48,1150229.35,1148131.53,1149436.5,96.7733
1770841411,1149436.5,1153509.25,1148669.6,1151372.74,7.0888
1770841471,1151372.74,1153156.64,1151370.67,1152131.63,77.8314
1770841531,1152131.63,1152985.17,1150431.1,1152303.16,32.4981
1770841591,1152303.16,1153316.54,1151015.29,1151159.15,93.2231
1770841651,1151159.15,1152113.07,1149319.41,1150831.97,89.2064
1770841711,1150831.97,1153678.27,1150724.3,1153061.29,90.3642
1770841771,1153061.29,1153818.42,1150881.11,1152998.89,87.3162
1770841831,1152998.89,1155828.53,1152816.27,1155362.34,35.2622
1770841891,1155362.34,1155650.1,1153856.91,1154483.76,9.8329
1770841951,1154483.76,1156741.73,1151741.98,1153535.97,5.8198
1770842011,1153535.97,1157300.2,1151782.84,1156280.39,23.6161
1770842071,1156280.39,1157327.27,1154454.5,1156165.91,58.3351
1770842131,1156165.91,1160862.05,1154380.4,1160772.84,99.8541
1770842191,1160772.84,1161172.39,1156028.91,1157426.34,72.6199
1770842251,1157426.34,1158234.27,1156995.49,1157870.69,43.7402
1770842311,1157870.69,1163587.5,1156038.58,1161810.37,192.8265
1770842371,1161810.37,1161986.55,1160575.43,1161669.93,68.9031
1770842431,1161669.93,1166149.87,1160874.21,1164868.14,23.8987
1770842491,1164868.14,1168305.7,1163608.66,1167834.02,64.558
1770842551,1167834.02,1171435.9,1166828.01,1171252.16,79.5689
1770842611,1171252.16,1172516.12,1164177.44,1165569.6,188.5359
1770842671,1165569.6,1167945.58,1165535.42,1167068.68,79.964
1770842731,1167068.68,1169925.39,1165814.37,1168056.65,56.9361
1770842791,1168056.65,1171413.9,1167392.15,1169810.41,2.7977
1770842851,1169810.41,1170064.38,1165092.42,1166817.5,41.9603
1770842911,1166817.5,1170674.0,1166318.28,1170221.75,58.6662
1770842971,1170221.75,1173929.92,1168760.22,1172992.7,85.4787
1770843031,1172992.7,1175786.63,1172634.47,1174527.1,48.1815
1770843091,1174527.1,1181210.28,1173660.22,1180220.82,55.9114
1770843151,1180220.82,1181059.37,1174260.53,1175011.95,113.8648
1770843211,1175011.95,1176520.92,1172836.95,1174937.76,80.3121
1770843271,1174937.76,1177201.69,1174854.34,1176583.34,97.3929
1770843331,1176583.34,1177377.37,1173317.73,1175168.56,28.8558
1770843391,1175168.56,1176271.59,1175119.78,1175633.53,25.4119
1770843451,1175633.53,1179245.07,1175049.1,1178336.72,43.2929
1770843511,1178336.72,1180764.83,1177871.91,1180590.07,95.13
1770843571,1180590.07,1184375.25,1179870.06,1183790.55,93.0625
1770843631,1183790.55,1185404.87,1178866.2,1180469.14,70.263
1770843691,1180469.14,1181261.86,1178772.8,1179636.55,10.9108
1770843751,1179636.55,1185677.36,1178855.17,1183439.37,101.9534
1770843811,1183439.37,1184593.46,1182291.18,1183961.35,28.5921
1770843871,1183961.35,1184340.73,1182133.97,1182935.79,15.2834
1770843931,1182935.79,1183716.82,1180653.66,1183618.16,1.2893
1770843991,1183618.16,1187636.64,1182564.71,1187421.5,144.8873
1770844051,1187421.5,1191484.86,1186765.73,1190992.17,47.2981
1770844111,1190992.17,1191918.68,1187964.1,1188100.95,50.9622
1770844171,1188100.95,1188906.54,1186640.95,1188078.11,77.8327
1770844231,1188078.11,1190302.85,1187317.18,1187817.95,36.245
1770844291,1187817.95,1195362.46,1187628.41,1193204.88,115.8095
1770844351,1193204.88,1193945.54,1189641.93,1191007.83,22.4288
1770844411,1191007.83,1192776.62,1190123.27,1192679.48,57.4794
1770844471,1192679.48,1198693.83,1191704.93,1194788.22,93.4393
1770844531,1194788.22,1199231.89,1194762.36,1197381.09,14.6764
1770844591,1197381.09,1207160.44,1196682.79,1205730.94,96.7412
1770844651,1205730.94,1208396.24,1204662.53,1207422.33,68.7419
1770844711,1207422.33,1208897.24,1207139.49,1207708.01,64.3381
1770844771,1207708.01,1210965.97,1207364.43,1210524.96,50.6274
1770844831,1210524.96,1216451.79,1207520.96,1212787.25,58.7212
1770844891,1212787.25,1214970.51,1212700.77,1214321.95,41.4524
1770844951,1214321.95,1217359.29,1208705.48,1208901.83,24.8093
1770845011,1208901.83,1212946.61,1198150.08,1205220.28,58.5446
1770845071,1205220.28,1211095.72,1202781.0,1208614.89,9.2497
1770845131,1208614.89,1216354.12,1197848.55,1213642.3,53.5291
1770845191,1213642.3,1214904.71,1194581.56,1199389.48,79.1472
1770845251,1199389.48,1209969.02,1194573.05,1206809.3,9.4034
1770845311,1206809.3,1235681.29,1201496.4,1230296.74,192.3432
1770845371,1230296.74,1232598.82,1219948.55,1226600.23,19.1028
1770845431,1226600.23,1229761.72,1216525.21,1220377.71,42.7014
1770845491,1220377.71,1228836.83,1215739.0,1225276.44,52.3867
1770845551,1225276.44,1228561.79,1224478.39,1228516.78,81.4349
1770845611,1228516.78,1243135.39,1220197.13,1230165.29,18.5651
1770845671,1230165.29,1244852.97,1220103.47,1240483.86,17.5396
1770845731,1240483.86,1243194.7,1228353.13,1230174.34,98.821
1770845791,1230174.34,1233564.35,1223923.97,1228590.63,98.1426
1770845851,1228590.63,1242326.57,1223212.39,1225639.78,66.02
1770845911,1225639.78,1225725.44,1197795.22,1206497.06,111.593
1770845971,1206497.06,1229909.82,1205795.27,1223366.92,160.7585
1770846031,1223366.92,1228148.82,1218209.87,1219303.63,1.7625
1770846091,1219303.63,1230796.77,1214081.3,1226346.18,1.1751
1770846151,1226346.18,1235181.07,1216424.82,1231484.33,15.3498
1770846211,1231484.33,1232891.85,1217302.73,1223085.31,92.0922
1770846271,1223085.31,1240629.56,1215451.83,1233213.98,26.2445
1770846331,1233213.98,1236441.71,1221984.07,1232015.01,64.2796
1770846391,1232015.01,1250844.51,1222770.58,1243926.77,32.2855
1770846451,1243926.77,1251476.37,1237479.01,1250162.16,8.1785
1770846511,1250162.16,1269355.15,1248258.22,1266399.62,179.1094
1770846571,1266399.62,1272363.24,1260454.14,1270558.38,73.0844
1770846631,1270558.38,1275914.6,1264994.39,1266143.9,73.4127
1770846691,1266143.9,1278478.61,1263510.66,1271282.15,34.7616
1770846751,1271282.15,1280077.57,1269545.39,1275517.33,90.1843
1770846811,1275517.33,1290563.78,1268117.44,1288545.93,80.2015
1770846871,1288545.93,1292207.2,1277138.23,1281540.75,59.9864
1770846931,1281540.75,1288199.61,1273393.57,1288075.44,41.9344
1770846991,1288075.44,1289290.17,1267522.15,1278119.86,40.1887
1770847051,1278119.86,1290689.95,1273396.57,1285623.08,36.6027
1770847111,1285623.08,1287814.44,1268461.84,1279387.19,28.0697
1770847171,1279387.19,1283771.34,1260297.08,1261626.49,43.5363
1770847231,1261626.49,1265005.29,1254850.9,1261005.0,1.4215
1770847291,1261005.0,1281555.26,1254532.02,1273718.84,19.448
1770847351,1273718.84,1274004.0,1262188.3,1266460.33,45.1414
1770847411,1266460.33,1267233.71,1259802.28,1263478.63,37.2478
1770847471,1263478.63,1270380.29,1262881.2,1263988.57,45.5385
1770847531,1263988.57,1273362.98,1261555.75,1269575.08,52.0751
1770847591,1269575.08,1274096.08,1257146.27,1273678.08,2.6763
1770847651,1273678.08,1276436.09,1262955.98,1270790.2,3.6393
1770847711,1270790.2,1277596.28,1264307.45,1275460.2,35.904
1770847771,1275460.2,1279498.64,1257762.84,1266100.26,27.9161
1770847831,1266100.26,1266278.56,1262901.55,1265603.09,79.0393
1770847891,1265603.09,1268340.72,1250368.27,1250762.48,31.1015
1770847951,1250762.48,1264015.71,1245227.61,1261959.12,78.2513
1770848011,1261959.12,1268988.86,1259912.3,1267861.2,90.3672
1770848071,1267861.2,1270571.62,1258134.54,1259345.45,3.5829
1770848131,1259345.45,1265806.81,1248543.1,1252714.53,31.3746
1770848191,1252714.53,1257984.76,1227639.3,1236008.46,24.93
1770848251,1236008.46,1253589.16,1231255.23,1248202.2,31.4762
1770848311,1248202.2,1250321.93,1228687.42,1238351.67,99.7895
1770848371,1238351.67,1239925.79,1234875.88,1236046.96,25.2699
1770848431,1236046.96,1239532.54,1221747.55,1229928.81,91.0061
1770848491,1229928.81,1232617.32,1205559.92,1209201.19,77.9222
1770848551,1209201.19,1210676.15,1192962.88,1199333.13,22.2231
1770848611,1199333.13,1224329.66,1197958.93,1218767.98,166.8345
1770848671,1218767.98,1235369.79,1217840.55,1225727.9,93.8079
1770848731,1225727.9,1243592.91,1222141.65,1242825.65,13.8729
1770848791,1242825.65,1253591.82,1238033.07,1251141.06,22.5119
1770848851,1251141.06,1256677.63,1246633.19,1248986.75,88.5104
1770848911,1248986.75,1253225.27,1246091.75,1251757.12,29.1328
1770848971,1251757.12,1252566.44,1237753.62,1246228.68,25.8338
1770849031,1246228.68,1251018.31,1232672.86,1232851.73,63.7978
1770849091,1232851.73,1253735.71,1227765.92,1245521.97,21.557
1770849151,1245521.97,1245843.3,1237501.14,1242279.97,78.8281
1770849211,1242279.97,1243068.04,1233868.29,1239067.48,25.5289
1770849271,1239067.48,1241571.79,1238056.85,1238953.49,21.5578
1770849331,1238953.49,1240710.78,1226801.26,1229602.38,62.6972
1770849391,1229602.38,1241336.54,1226265.02,1236208.21,42.1396
1770849451,1236208.21,1241775.19,1236202.58,1241398.18,32.0355
1770849511,1241398.18,1243423.6,1239257.15,1241685.79,85.5084
1770849571,1241685.79,1247070.53,1232600.57,1235975.13,66.2885
1770849631,1235975.13,1248275.28,1235655.06,1247146.79,33.9172
1770849691,1247146.79,1249939.7,1224673.41,1235801.79,93.9056
1770849751,1235801.79,1235888.83,1228588.13,1231176.07,17.2297
1770849811,1231176.07,1239984.97,1229046.68,1234502.79,35.9431
1770849871,1234502.79,1237197.33,1219686.99,1224746.29,11.9738
1770849931,1224746.29,1232190.54,1222210.35,1229329.57,45.2817
1770849991,1229329.57,1251333.34,1225410.47,1249872.38,20.9466
1770850051,1249872.38,1251749.45,1241303.82,1246507.51,35.056
1770850111,1246507.51,1257960.88,1241090.84,1249508.91,35.1609
1770850171,1249508.91,1258128.11,1242230.88,1252815.95,75.8326
1770850231,1252815.95,1253702.98,1243934.19,1250319.07,67.0117
1770850291,1250319.07,1263526.09,1247826.31,1256706.09,92.8288
1770850351,1256706.09,1257196.17,1244839.78,1252319.98,45.5977
1770850411,1252319.98,1253700.48,1244258.24,1252284.3,98.6108
1770850471,1252284.3,1253627.92,1248184.89,1252006.78,54.9492
1770850531,1252006.78,1252839.6,1247368.14,1247749.78,27.0557
1770850591,1247749.78,1251452.14,1228916.78,1236557.36,62.5777
1770850651,1236557.36,1239876.4,1227539.64,1231266.56,67.8614
1770850711,1231266.56,1235608.32,1222876.53,1231092.65,36.3706
1770850771,1231092.65,1232692.77,1215103.54,1223657.17,84.9866
1770850831,1223657.17,1233044.09,1218219.37,1227850.75,88.7316
1770850891,1227850.75,1227881.92,1214075.3,1214124.34,84.5106
1770850951,1214124.34,1226865.53,1210140.38,1217410.04,37.6163
1770851011,1217410.04,1220675.84,1212302.99,1215585.42,31.1878
1770851071,1215585.42,1223215.75,1207434.27,1214007.0,73.9689
1770851131,1214007.0,1219014.15,1203603.78,1210317.87,49.5754
1770851191,1210317.87,1216302.55,1199457.94,1210058.48,46.686
1770851251,1210058.48,1218147.64,1205088.44,1215897.38,54.9522
1770851311,1215897.38,1227891.06,1214136.62,1226008.42,22.8645
1770851371,1226008.42,1250059.62,1219474.88,1243138.48,54.3902
1770851431,1243138.48,1263725.62,1242975.08,1255307.76,79.2843
1770851491,1255307.76,1271939.83,1252316.98,1268301.4,89.0289
1770851551,1268301.4,1275964.81,1263027.6,1270347.49,58.796
1770851611,1270347.49,1274013.91,1263722.74,1268461.24,24.322
1770851671,1268461.24,1281996.59,1246724.93,1254906.96,34.0987
1770851731,1254906.96,1261402.54,1250817.08,1259468.58,81.8332
1770851791,1259468.58,1266563.22,1257836.09,1261082.16,74.48
1770851851,1261082.16,1262682.64,1251517.93,1252060.85,58.3804
1770851911,1252060.85,1270264.72,1250914.8,1263084.31,24.56
1770851971,1263084.31,1278274.59,1260049.6,1276466.05,95.6839
1770852031,1276466.05,1278795.53,1262268.14,1265168.68,75.8951
1770852091,1265168.68,1273219.48,1252839.67,1253434.97,29.2197
1770852151,1253434.97,1266475.15,1250016.93,1259568.39,80.1829
1770852211,1259568.39,1269997.23,1255088.18,1255848.11,42.2093
1770852271,1255848.11,1271154.13,1249949.07,1265769.12,26.1347
1770852331,1265769.12,1270376.73,1260262.9,1262318.38,56.9993
1770852391,1262318.38,1262349.66,1250472.29,1254037.33,38.3852
1770852451,1254037.33,1257967.83,1242957.43,1247213.96,50.7743
1770852511,1247213.96,1255755.08,1220355.06,1226915.17,199.8724
1770852571,1226915.17,1229173.78,1217810.97,1221789.35,94.4777
1770852631,1221789.35,1227525.38,1208398.14,1213886.22,76.042
1770852691,1213886.22,1215431.38,1205804.93,1206894.54,79.1882
1770852751,1206894.54,1231333.29,1206101.42,1228074.76,76.117
1770852811,1228074.76,1235898.54,1226885.39,1230642.88,15.0141
1770852871,1230642.88,1233757.35,1224091.15,1232207.01,85.7611
1770852931,1232207.01,1235781.08,1226290.15,1227723.43,1.392
1770852991,1227723.43,1250949.72,1227092.53,1246968.31,135.4858
1770853051,1246968.31,1254054.77,1232230.72,1240506.35,81.4211
1770853111,1240506.35,1251592.38,1215357.81,1220561.45,22.2114
1770853171,1220561.45,1237727.19,1218836.14,1229797.08,16.7529
1770853231,1229797.08,1243987.61,1228044.39,1237223.2,7.9501
1770853291,1237223.2,1244123.92,1225197.7,1228357.69,42.4219
1770853351,1228357.69,1236498.08,1215176.05,1223214.25,54.3307
1770853411,1223214.25,1238653.57,1215773.92,1228642.49,2.7963
1770853471,1228642.49,1235735.87,1227956.77,1232466.26,60.3414
1770853531,1232466.26,1235185.36,1229759.36,1231092.53,18.7924
1770853591,1231092.53,1263413.5,1225122.53,1251983.5,178.1216
1770853651,1251983.5,1262837.91,1249169.74,1255962.85,4.4085
1770853711,1255962.85,1270159.1,1247130.74,1250168.15,74.1831
1770853771,1250168.15,1253609.46,1242939.43,1252064.27,78.8624
1770853831,1252064.27,1252758.45,1238412.64,1239898.51,13.6315
1770853891,1239898.51,1249643.97,1231669.98,1245970.59,12.4023
1770853951,1245970.59,1249175.87,1241357.75,1244406.47,74.123
1770854011,1244406.47,1247200.52,1236071.43,1244126.37,76.7374
1770854071,1244126.37,1247311.91,1238940.0,1245473.93,13.1831
1770854131,1245473.93,1250977.84,1240793.39,1250578.77,31.5263
1770854191,1250578.77,1251688.56,1238831.66,1239727.11,60.0125
1770854251,1239727.11,1240796.13,1213648.52,1222748.95,192.6129
1770854311,1222748.95,1231034.39,1218148.12,1219131.98,9.9845
1770854371,1219131.98,1225609.69,1216624.36,1218878.96,80.9712
1770854431,1218878.96,1221668.26,1209350.0,1218451.95,12.4477
1770854491,1218451.95,1230262.17,1215626.43,1226401.48,1.0658
1770854551,1226401.48,1238026.57,1225954.12,1230615.98,11.4438
1770854611,1230615.98,1243382.52,1223862.07,1237891.49,17.9623
1770854671,1237891.49,1240193.71,1194642.03,1209373.62,152.1149
1770854731,1209373.62,1216803.49,1204793.1,1214436.14,84.1369
1770854791,1214436.14,1217099.52,1205078.02,1206201.89,6.4771
1770854851,1206201.89,1210114.84,1202427.47,1208852.95,22.8997
1770854911,1208852.95,1215605.5,1186501.63,1192858.22,148.0217
1770854971,1192858.22,1206048.26,1188768.95,1206005.21,47.3994
1770855031,1206005.21,1208457.12,1192447.94,1197621.11,21.4399
1770855091,1197621.11,1199245.48,1186196.15,1192451.31,78.1541
1770855151,1192451.31,1198991.54,1188819.95,1197804.76,45.6821
1770855211,1197804.76,1202623.65,1189718.55,1197020.02,7.8509
1770855271,1197020.02,1213801.13,1196339.42,1210627.49,16.9429
1770855331,1210627.49,1217187.99,1200386.37,1204352.66,33.4887
1770855391,1204352.66,1209452.2,1194926.72,1206486.41,75.0768
1770855451,1206486.41,1216345.86,1200460.33,1215780.76,72.0658
1770855511,1215780.76,1218442.71,1202767.94,1203041.3,43.6279
1770855571,1203041.3,1209242.25,1191243.43,1194078.21,29.4446
1770855631,1194078.21,1207389.66,1187403.38,1202156.31,99.7642
1770855691,1202156.31,1212012.56,1173405.93,1175883.01,197.5355
1770855751,1175883.01,1182938.68,1168781.61,1179514.09,31.2205
1770855811,1179514.09,1190013.99,1172497.52,1183766.96,46.7275
1770855871,1183766.96,1194368.36,1176391.74,1192136.43,95.379
1770855931,1192136.43,1193126.84,1190172.59,1192030.17,11.4638
1770855991,1192030.17,1211192.52,1191549.54,1202439.05,65.9596
1770856051,1202439.05,1204406.01,1189890.84,1193950.18,33.8331
1770856111,1193950.18,1203469.36,1190840.59,1202113.63,9.322
1770856171,1202113.63,1217447.47,1194422.23,1215475.16,66.683
1770856231,1215475.16,1231064.08,1212703.34,1227770.04,55.9073
1770856291,1227770.04,1231095.01,1207900.86,1212659.9,130.0293
1770856351,1212659.9,1219200.21,1210366.06,1215213.16,85.1585
1770856411,1215213.16,1217927.67,1194953.74,1198695.7,113.0541
1770856471,1198695.7,1206605.07,1189563.8,1202741.41,92.3752
1770856531,1202741.41,1208398.58,1201084.54,1207399.31,42.606
1770856591,1207399.31,1217080.42,1206921.42,1211281.07,24.6011
1770856651,1211281.07,1211864.64,1190952.59,1193237.23,198.4363
1770856711,1193237.23,1200457.51,1190795.74,1199168.76,46.1388
1770856771,1199168.76,1214298.32,1192508.27,1206845.03,31.8952
1770856831,1206845.03,1208918.31,1205108.14,1205153.9,26.1037
1770856891,1205153.9,1208029.71,1194071.38,1199846.0,17.1343
1770856951,1199846.0,1199969.14,1194835.22,1197542.89,68.0144
1770857011,1197542.89,1199060.93,1194122.66,1195881.66,84.2552
1770857071,1195881.66,1199672.85,1195737.51,1197218.09,36.3817
1770857131,1197218.09,1200169.61,1194336.95,1195557.45,11.539
1770857191,1195557.45,1197627.02,1186095.88,1187926.27,158.0409
1770857251,1187926.27,1194703.32,1186731.48,1194410.18,4.0201
1770857311,1194410.18,1198723.87,1190886.44,1196973.28,41.6418
1770857371,1196973.28,1198734.4,1190539.23,1191625.21,3.384
1770857431,1191625.21,1192084.34,1185978.04,1188043.69,86.2913
1770857491,1188043.69,1188237.04,1186540.07,1187577.73,71.1983
1770857551,1187577.73,1194169.5,1187416.91,1192631.55,94.1025
1770857611,1192631.55,1194277.69,1190603.49,1191313.13,27.0364
1770857671,1191313.13,1193730.0,1190123.67,1190476.05,63.277
1770857731,1190476.05,1192358.68,1189735.31,1190148.69,36.5322
1770857791,1190148.69,1190803.73,1185805.74,1188854.82,23.5356
1770857851,1188854.82,1192626.53,1186379.81,1192572.23,46.3755
1770857911,1192572.23,1195284.93,1186444.19,1188128.49,27.1009
1770857971,1188128.49,1191375.11,1187942.31,1190084.61,24.4344
1770858031,1190084.61,1190952.95,1186335.51,1186829.44,58.613
1770858091,1186829.44,1194330.38,1184887.52,1193310.99,40.1162
1770858151,1193310.99,1195044.98,1188626.69,1192265.25,23.5072
1770858211,1192265.25,1195378.99,1191352.5,1194953.4,30.5704
1770858271,1194953.4,1195006.79,1190810.47,1191276.58,99.6964
1770858331,1191276.58,1191569.67,1188622.85,1189255.47,12.1687
1770858391,1189255.47,1190068.07,1185614.36,1188071.59,12.434
1770858451,1188071.59,1192718.06,1187202.68,1190234.46,69.5729
1770858511,1190234.46,1194570.71,1185435.51,1185486.15,73.5611
1770858571,1185486.15,1186792.45,1182345.36,1182510.42,14.0916
1770858631,1182510.42,1184398.48,1180904.19,1181391.21,5.3673
1770858691,1181391.21,1186708.71,1181215.52,1185974.74,34.8163
1770858751,1185974.74,1189765.09,1180934.4,1188274.44,87.3516
1770858811,1188274.44,1190401.47,1187351.29,1188873.06,98.6309
1770858871,1188873.06,1189807.22,1185279.47,1186083.83,20.102
1770858931,1186083.83,1187283.05,1182039.75,1182706.89,34.0834
1770858991,1182706.89,1184606.2,1175025.01,1175031.58,112.1591
1770859051,1175031.58,1177746.89,1174961.44,1175789.15,23.9866
1770859111,1175789.15,1176237.68,1164184.93,1168481.58,105.7692
1770859171,1168481.58,1170102.33,1167675.77,1168947.98,33.3447
1770859231,1168947.98,1168975.77,1162083.56,1165256.81,77.3817
1770859291,1165256.81,1166050.2,1163861.34,1163984.49,24.6204
1770859351,1163984.49,1165956.54,1153764.23,1155151.12,54.7494
1770859411,1155151.12,1155204.88,1150127.67,1150866.1,29.2648
1770859471,1150866.1,1151188.73,1141794.82,1144506.27,106.345
1770859531,1144506.27,1146218.86,1136663.48,1139213.45,103.8147
1770859591,1139213.45,1141629.35,1138781.99,1139576.82,19.0277
1770859651,1139576.82,1142031.89,1139491.86,1140364.94,46.8426
1770859711,1140364.94,1141255.52,1138848.62,1140015.86,81.0994
1770859771,1140015.86,1141400.31,1137729.83,1140521.23,60.9247
1770859831,1140521.23,1141218.11,1137189.04,1140329.01,54.7
1770859891,1140329.01,1144836.5,1138535.56,1142242.3,43.6301
1770859951,1142242.3,1142953.36,1138216.24,1139904.9,16.0684
1770860011,1139904.9,1140340.72,1128315.2,1128701.9,106.4637
1770860071,1128701.9,1128859.18,1121775.62,1122721.65,144.9525
1770860131,1122721.65,1124374.54,1115795.1,1117962.06,93.3037
1770860191,1117962.06,1123084.09,1117527.6,1122059.01,90.4037
1770860251,1122059.01,1124245.42,1116728.38,1118421.49,28.9907
1770860311,1118421.49,1119102.16,1112756.28,1113497.85,74.0397
1770860371,1113497.85,1117544.47,1112712.99,1113543.26,37.3102
1770860431,1113543.26,1124141.29,1113313.74,1121613.59,70.2229
1770860491,1121613.59,1124326.8,1120284.61,1124122.72,73.5824
1770860551,1124122.72,1126504.21,1123407.23,1125266.51,63.7876
1770860611,1125266.51,1131326.14,1123906.87,1129097.05,98.8227
1770860671,1129097.05,1132722.28,1128618.41,1131589.63,25.6343
1770860731,1131589.63,1133946.19,1130108.52,1130263.44,61.9086
1770860791,1130263.44,1133023.92,1125775.46,1126738.08,43.7127
1770860851,1126738.08,1129372.72,1124381.18,1124822.7,38.1866
1770860911,1124822.7,1125231.68,1121667.31,1125122.92,16.1529
1770860971,1125122.92,1126668.82,1123229.34,1124448.5,33.5328
1770861031,1124448.5,1129014.78,1124391.24,1126409.31,23.777
1770861091,1126409.31,1126415.7,1124540.48,1124908.08,59.1625
1770861151,1124908.08,1130331.18,1124000.14,1128515.86,14.5847
1770861211,1128515.86,1128901.35,1125049.77,1125879.51,62.4169
1770861271,1125879.51,1128168.68,1121629.92,1121663.13,16.2808
1770861331,1121663.13,1124447.7,1121001.17,1121072.21,14.7878
1770861391,1121072.21,1121232.48,1114109.05,1114966.57,40.0418
1770861451,1114966.57,1115235.22,1108000.11,1108672.2,13.808
1770861511,1108672.2,1113975.12,1108069.88,1111575.34,80.8433
1770861571,1111575.34,1118009.21,1108331.27,1117568.08,158.679
1770861631,1117568.08,1120358.8,1115945.59,1116298.66,98.7848
1770861691,1116298.66,1117369.38,1116241.32,1116909.32,9.5215
1770861751,1116909.32,1123017.68,1114683.3,1116153.09,59.454
1770861811,1116153.09,1117077.48,1106204.26,1108568.27,157.8426
1770861871,1108568.27,1108722.83,1104039.15,1104945.7,27.781
1770861931,1104945.7,1105483.76,1102906.72,1103017.65,3.7561
1770861991,1103017.65,1103364.63,1095584.57,1097189.28,153.4674
1770862051,1097189.28,1100687.81,1097004.58,1100430.31,22.7035
1770862111,1100430.31,1102067.4,1097926.88,1098915.52,61.2817
1770862171,1098915.52,1102156.21,1095663.7,1100030.76,69.7987
1770862231,1100030.76,1102453.65,1098858.61,1100229.91,2.0906
1770862291,1100229.91,1105801.44,1099933.32,1103366.92,81.7065
1770862351,1103366.92,1105656.53,1096645.28,1098230.43,26.9573
1770862411,1098230.43,1098775.35,1096666.88,1097351.19,53.06
1770862471,1097351.19,1098014.82,1087818.45,1092042.39,199.6303
1770862531,1092042.39,1095477.18,1090839.99,1093820.2,14.548
1770862591,1093820.2,1094178.91,1090635.47,1091766.49,25.5656
1770862651,1091766.49,1095041.31,1090626.41,1093482.12,47.6864
1770862711,1093482.12,1094548.4,1084615.34,1085728.15,133.7291
1770862771,1085728.15,1088248.59,1084517.84,1086297.79,58.1011
1770862831,1086297.79,1091540.27,1086166.39,1087684.76,56.3136
1770862891,1087684.76,1088707.54,1084062.46,1085083.32,78.903
1770862951,1085083.32,1089507.19,1084840.66,1087124.91,44.1539
1770863011,1087124.91,1088548.92,1085124.28,1086403.08,25.1145
1770863071,1086403.08,1089664.06,1085288.43,1089216.86,69.4507
1770863131,1089216.86,1090108.0,1088291.05,1089830.61,3.8921
1770863191,1089830.61,1090145.91,1085515.83,1088782.36,49.0559
1770863251,1088782.36,1098677.73,1086378.7,1096653.57,163.8085
1770863311,1096653.57,1098147.63,1091573.5,1092100.17,72.9173
1770863371,1092100.17,1092533.61,1086545.42,1086603.58,14.8127
1770863431,1086603.58,1092219.84,1086238.3,1090026.93,44.2189
1770863491,1090026.93,1093419.88,1089587.13,1092709.6,46.1752
1770863551,1092709.6,1093162.56,1088647.91,1089941.58,80.0769
1770863611,1089941.58,1092336.09,1089041.15,1090840.59,83.218
1770863671,1090840.59,1091430.8,1087913.51,1088960.63,68.4247
1770863731,1088960.63,1091472.24,1083084.11,1090533.27,83.1102
1770863791,1090533.27,1091013.45,1088745.16,1089179.67,25.3085
1770863851,1089179.67,1089724.5,1081667.13,1084778.27,6.0836
1770863911,1084778.27,1087898.25,1082241.11,1083792.51,6.693
1770863971,1083792.51,1088526.75,1083717.66,1085553.21,19.6609
1770864031,1085553.21,1087418.46,1075268.32,1077580.4,157.1641
1770864091,1077580.4,1077731.83,1071310.84,1073097.28,16.4684
1770864151,1073097.28,1074439.41,1064382.15,1068109.76,66.9784
1770864211,1068109.76,1068305.59,1062466.41,1065201.78,5.3956
1770864271,1065201.78,1066213.09,1059455.41,1061408.34,19.7297
1770864331,1061408.34,1063233.0,1060040.45,1060297.79,13.8825
1770864391,1060297.79,1061358.05,1054377.97,1054571.46,190.7268
1770864451,1054571.46,1055809.7,1051362.98,1054114.09,72.4392
1770864511,1054114.09,1054806.7,1050718.7,1052876.94,3.8957
1770864571,1052876.94,1053814.46,1051314.47,1052070.69,40.3664
1770864631,1052070.69,1054009.71,1051974.17,1052646.49,61.9815
1770864691,1052646.49,1053488.62,1049315.2,1051020.1,95.2044
1770864751,1051020.1,1051657.32,1046417.84,1047143.13,76.1708
1770864811,1047143.13,1049573.93,1045135.24,1048340.79,26.5
1770864871,1048340.79,1050086.8,1046392.86,1049108.8,55.2295
1770864931,1049108.8,1051790.12,1048112.65,1048152.92,85.0315
1770864991,1048152.92,1049027.24,1047511.44,1048016.29,40.2816
1770865051,1048016.29,1048165.99,1046100.37,1047669.98,33.2439
1770865111,1047669.98,1053463.64,1047364.17,1052590.32,187.1201
1770865171,1052590.32,1053153.45,1049507.05,1049585.28,61.8126
1770865231,1049585.28,1050744.73,1047611.24,1047968.02,90.3983
1770865291,1047968.02,1052186.06,1047935.03,1049736.85,84.0956
1770865351,1049736.85,1051684.01,1049230.35,1050490.78,21.5678
1770865411,1050490.78,1051201.17,1046156.48,1047096.98,5.5755
1770865471,1047096.98,1048834.65,1046596.19,1047225.58,90.5709
1770865531,1047225.58,1048632.19,1047025.05,1047103.15,96.7975
1770865591,1047103.15,1052260.58,1039906.84,1043498.73,11.8498
1770865651,1043498.73,1048188.32,1043407.15,1046663.04,80.1027
1770865711,1046663.04,1047359.78,1043198.79,1043858.09,13.0171
1770865771,1043858.09,1046269.26,1038417.58,1038643.49,73.4179
1770865831,1038643.49,1039014.68,1032163.49,1032741.45,109.7713
1770865891,1032741.45,1036244.95,1030845.85,1035518.06,10.5942
1770865951,1035518.06,1036693.54,1032485.22,1033646.01,71.4593
1770866011,1033646.01,1035027.05,1026993.37,1029174.58,94.3805
1770866071,1029174.58,1030157.39,1027649.88,1027863.16,62.2361
1770866131,1027863.16,1028593.19,1025499.54,1026662.5,78.5598
1770866191,1026662.5,1027134.28,1022889.37,1026969.24,20.2655
1770866251,1026969.24,1030445.67,1025512.05,1027665.72,42.6068
1770866311,1027665.72,1028460.56,1024824.01,1027076.58,73.7267
1770866371,1027076.58,1027099.55,1021271.35,1022297.09,68.5664
1770866431,1022297.09,1023806.93,1020969.57,1023377.9,47.0144
1770866491,1023377.9,1026494.87,1020910.13,1025547.12,22.9662
1770866551,1025547.12,1031463.4,1025376.43,1028463.73,74.1687
1770866611,1028463.73,1035628.23,1028035.21,1034027.88,182.137
1770866671,1034027.88,1035593.27,1030704.67,1034268.85,12.4496
1770866731,1034268.85,1035170.34,1033681.92,1034167.76,30.7188
1770866791,1034167.76,1036269.34,1031768.58,1034767.86,68.1284
1770866851,1034767.86,1036592.51,1028706.74,1030987.75,57.2452
1770866911,1030987.75,1031463.58,1029114.0,1029471.06,11.719
1770866971,1029471.06,1031878.67,1027950.26,1031733.09,42.0602
1770867031,1031733.09,1035306.04,1029646.04,1032751.86,92.4932
1770867091,1032751.86,1032810.98,1028542.45,1030619.04,10.1549
1770867151,1030619.04,1036615.79,1029998.55,1035094.73,27.0584
1770867211,1035094.73,1035635.22,1034309.47,1034836.95,42.2163
1770867271,1034836.95,1037398.92,1034348.82,1036562.63,43.2607
1770867331,1036562.63,1041741.66,1036462.63,1039299.8,78.2074
1770867391,1039299.8,1042812.04,1038351.09,1041522.19,56.2436
1770867451,1041522.19,1041816.55,1039998.71,1041010.15,16.842
1770867511,1041010.15,1043084.02,1032219.97,1035088.2,90.7508
1770867571,1035088.2,1035366.36,1033929.23,1034783.97,92.2908
1770867631,1034783.97,1039892.59,1034748.43,1036357.05,26.0002
1770867691,1036357.05,1042148.85,1034373.33,1038720.76,63.2274
1770867751,1038720.76,1040507.45,1037268.73,1038049.59,47.9726
1770867811,1038049.59,1039747.79,1036856.07,1037908.37,7.8299
1770867871,1037908.37,1040267.37,1036769.07,1037237.57,85.6988
1770867931,1037237.57,1037862.32,1033176.99,1035759.35,26.4935
1770867991,1035759.35,1038371.8,1029899.96,1033445.17,24.2229
1770868051,1033445.17,1037542.12,1030654.0,1035597.26,15.7784
1770868111,1035597.26,1038142.93,1035132.55,1035947.52,68.5135
1770868171,1035947.52,1041255.01,1034242.15,1039003.21,82.4398
1770868231,1039003.21,1039290.38,1036030.15,1036268.51,81.4818
1770868291,1036268.51,1040794.41,1035920.21,1038801.49,42.3419
1770868351,1038801.49,1039190.62,1032911.32,1035914.29,50.8016
1770868411,1035914.29,1043098.24,1034409.09,1042062.04,10.2756
1770868471,1042062.04,1045810.59,1041934.64,1045748.25,70.8341
1770868531,1045748.25,1046081.97,1040152.06,1040288.64,157.764
1770868591,1040288.64,1043563.68,1039724.75,1043511.1,42.5081
1770868651,1043511.1,1045613.68,1042811.08,1043931.63,70.9655
1770868711,1043931.63,1046001.58,1040605.94,1045140.02,37.7424
1770868771,1045140.02,1046859.86,1040922.56,1041747.68,1.6801
1770868831,1041747.68,1044630.43,1038845.38,1041177.42,66.6333
1770868891,1041177.42,1043771.29,1040612.29,1042263.69,35.8538
1770868951,1042263.69,1042736.45,1037174.98,1038183.03,17.4207
1770869011,1038183.03,1039155.16,1035309.91,1035776.22,37.8209
1770869071,1035776.22,1037950.57,1035638.26,1037925.12,18.4996
1770869131,1037925.12,1041187.83,1037108.4,1038735.46,6.8954
1770869191,1038735.46,1039029.8,1033898.67,1035263.92,22.69
1770869251,1035263.92,1037301.74,1034089.8,1036616.86,77.8896
1770869311,1036616.86,1044921.61,1035798.64,1042997.41,40.3448
1770869371,1042997.41,1043384.65,1035518.97,1038538.67,51.7855
1770869431,1038538.67,1043248.04,1035363.42,1042066.89,49.6764
1770869491,1042066.89,1042146.79,1039397.15,1039650.37,93.8977
1770869551,1039650.37,1042130.99,1039580.4,1040579.38,94.9682
1770869611,1040579.38,1041371.35,1040205.68,1040221.37,13.6984
1770869671,1040221.37,1040408.02,1032080.73,1035418.85,100.3525
1770869731,1035418.85,1037324.6,1033321.19,1035728.4,32.53
1770869791,1035728.4,1035796.19,1030078.63,1032880.83,86.221
1770869851,1032880.83,1033696.04,1030055.56,1032319.91,45.2876
1770869911,1032319.91,1036487.66,1032232.03,1035330.12,43.4395
1770869971,1035330.12,1036977.01,1034149.71,1036963.09,84.521
1770870031,1036963.09,1038790.91,1035680.81,1037937.64,86.303
1770870091,1037937.64,1038633.08,1033059.36,1033734.62,52.9308
1770870151,1033734.62,1039998.35,1032434.81,1039017.73,194.064
1770870211,1039017.73,1039772.98,1034595.96,1036374.69,63.1663
1770870271,1036374.69,1036960.6,1033272.48,1034356.47,69.586
1770870331,1034356.47,1035776.63,1028055.4,1028863.57,166.8645
1770870391,1028863.57,1030713.67,1024899.9,1025165.81,19.2603
1770870451,1025165.81,1025521.92,1022408.31,1023287.38,75.5363
1770870511,1023287.38,1025158.22,1019588.61,1021635.75,11.1451
1770870571,1021635.75,1022489.24,1018062.82,1020439.33,29.2826
1770870631,1020439.33,1021034.75,1018579.97,1018593.14,59.4104
1770870691,1018593.14,1018621.28,1016595.72,1016897.2,5.7624
1770870751,1016897.2,1019384.55,1015524.39,1018111.63,54.7336
1770870811,1018111.63,1020975.1,1017250.38,1020183.97,42.88
1770870871,1020183.97,1022794.63,1020104.8,1021069.92,30.9641
1770870931,1021069.92,1028413.04,1020478.94,1025640.87,40.3897
1770870991,1025640.87,1027155.11,1020383.37,1020761.94,20.8933
1770871051,1020761.94,1021518.73,1017371.01,1018285.79,23.2249
1770871111,1018285.79,1018505.57,1011780.26,1013302.61,107.4032
1770871171,1013302.61,1013312.84,1012114.35,1013073.66,59.2061
1770871231,1013073.66,1014878.99,1012509.4,1013416.38,35.2083
1770871291,1013416.38,1016860.16,1012332.73,1015222.68,45.5481
1770871351,1015222.68,1016751.13,1011644.25,1012853.81,23.8005
1770871411,1012853.81,1016149.04,1011792.85,1015974.84,12.131
1770871471,1015974.84,1017268.28,1012819.37,1015554.88,42.011
1770871531,1015554.88,1020320.65,1014088.81,1018987.1,44.3703
1770871591,1018987.1,1019224.38,1013871.11,1016422.44,99.4773
1770871651,1016422.44,1017412.61,1016220.37,1016982.35,50.619
1770871711,1016982.35,1018474.74,1014551.2,1016220.5,68.565
1770871771,1016220.5,1021077.26,1015861.25,1020784.83,90.0296
1770871831,1020784.83,1023215.27,1020686.31,1022007.51,38.4544
1770871891,1022007.51,1023264.72,1019319.98,1019403.48,24.3258
1770871951,1019403.48,1020646.68,1015896.4,1016122.66,92.1575
1770872011,1016122.66,1017337.12,1011654.44,1014855.2,62.3276
1770872071,1014855.2,1016970.7,1012477.33,1015188.38,17.2302
1770872131,1015188.38,1016348.06,1012113.01,1012481.87,68.9226
1770872191,1012481.87,1014533.22,1011480.02,1012085.63,78.6596
1770872251,1012085.63,1014142.31,1009970.04,1012805.68,43.4961
1770872311,1012805.68,1014530.04,1007903.46,1010639.77,71.0608
1770872371,1010639.77,1014376.39,1009469.62,1012309.2,25.9207
1770872431,1012309.2,1012986.18,1010421.18,1010981.73,4.8558
1770872491,1010981.73,1012395.9,1007348.35,1009741.64,31.4855
1770872551,1009741.64,1011747.93,1009681.56,1009995.87,55.8214
1770872611,1009995.87,1010198.51,1009115.47,1010083.78,92.5058
1770872671,1010083.78,1012499.8,1009470.74,1012071.52,6.0101
1770872731,1012071.52,1012818.04,1011543.9,1012761.0,97.283
1770872791,1012761.0,1019965.05,1011827.37,1017576.93,95.7271
1770872851,1017576.93,1025300.56,1016230.32,1024306.62,74.304
1770872911,1024306.62,1028634.68,1022800.95,1026186.06,55.8128
1770872971,1026186.06,1030274.52,1024897.19,1029188.84,55.0753
1770873031,1029188.84,1032450.77,1027966.0,1032351.24,48.3457
1770873091,1032351.24,1033086.86,1031710.39,1032475.57,3.7467
1770873151,1032475.57,1032825.52,1028395.1,1029716.13,73.5818
1770873211,1029716.13,1032008.37,1027999.94,1031519.33,91.5688
1770873271,1031519.33,1032042.39,1030904.81,1032002.23,1.0874
1770873331,1032002.23,1032283.43,1030487.54,1031077.63,95.6745
1770873391,1031077.63,1034381.32,1030756.22,1031483.86,84.7428
1770873451,1031483.86,1031803.27,1024527.3,1028193.19,42.348
1770873511,1028193.19,1028985.7,1026313.4,1027153.04,95.4001
1770873571,1027153.04,1027277.59,1022293.01,1025205.79,95.5252
1770873631,1025205.79,1029920.17,1024352.47,1029525.18,95.3113
1770873691,1029525.18,1031032.02,1027399.28,1030088.81,90.9772
1770873751,1030088.81,1032155.2,1025362.92,1026913.83,9.7053
1770873811,1026913.83,1028665.46,1023883.45,1025198.06,64.8187
1770873871,1025198.06,1026422.62,1019626.29,1022657.24,96.3485
1770873931,1022657.24,1023512.38,1013728.75,1014496.07,65.8409
1770873991,1014496.07,1016009.29,1013429.33,1014549.68,35.4223
1770874051,1014549.68,1016386.09,1010095.3,1011090.99,50.9893
1770874111,1011090.99,1011984.23,1006790.1,1008177.23,46.9444
1770874171,1008177.23,1010001.45,1005916.35,1008602.88,38.5899
1770874231,1008602.88,1009847.48,1001121.87,1001540.49,91.0568
1770874291,1001540.49,1002012.11,996821.36,998947.81,9.4396
1770874351,998947.81,1002670.2,995565.12,995876.85,44.6005
1770874411,995876.85,998594.39,995631.24,997577.89,81.0756
1770874471,997577.89,999261.44,997380.79,998737.73,34.7821
1770874531,998737.73,1002477.76,998336.31,1001658.09,94.7309
1770874591,1001658.09,1004723.91,999484.25,999919.96,91.7067
1770874651,999919.96,1000378.83,997000.04,998093.87,76.5493
1770874711,998093.87,998883.04,995267.94,995563.93,87.0225
1770874771,995563.93,997565.34,994704.65,995270.8,69.4455
1770874831,995270.8,996040.79,991949.94,992757.72,34.6613
1770874891,992757.72,994649.35,990643.28,992177.15,59.2413
